AGNname,center,galaxyName,environment,degreesJ2000RA_DecAGN,degreesJ2000RA_DecGalaxy,likelihood,likelihood_1.5,virialRadius,d^1.5,impactParameter (kpc),redshiftDistances,vcorrGalaxy (km/s),vel_diff,distGalaxy (Mpc),AGN S/N,majorAxis (kpc),minorAxis (kpc),inclination (deg),positionAngle (deg),azimuth (deg),RC3flag,RC3type,RC3inc (deg),RC3pa (deg),morphology,final_morphology,galaxyRedshift,AGNredshift,spectrumStatus,include,include_vir,include_custom,Lya_v,vlimits,Lya_W,Na,b,identified,comment
MRK290,758,UGC05470,x,"('233.96792', '57.9025')","(152.11708, 12.30639)",0.0,0.0,10.771825341804764,0.3535533905932738,317.9462592700874,x,534.3,223.70000000000005,0.242,x,0.5,0.4,40.5,80.0,58.2,LeoI,dE.3...,40.7,80.0,E;dSph,E;dSph,0.000951,0.0296,SP,?,False,True,758,"698, 810",134pm10,3.00E13 pm 2.56E12,39.4pm 2.1,done,center is 754 : VIRIAL AND CUSTOM INCLUDE MISMATCH
MRK290,3105,NGC5987,x,"('233.96792', '57.9025')","(234.98904, 58.07953)",0.09227992021510147,0.8712776940650395,322.0594317999893,570.6668660435788,486.0114480567563,x,3170.0,-65.0,48.9,x,68.8,29.6,64.5,60.0,48.1,NGC5987,.S..3..,71.6,165.0,Sb,Sb,0.01004,0.0296,SP,?,False,False,3105,"2966, 3170",511pm5,2.01E14 pm 3.76E12,57.0pm 2.6,done,center is 3068 : VIRIAL AND CUSTOM INCLUDE MISMATCH
MRK290,3207,NGC5987,x,"('233.96792', '57.9025')","(234.98904, 58.07953)",0.09910962579016591,0.9357616046570157,322.0594317999893,570.6668660435788,486.0114480567563,x,3170.0,37.0,48.9,x,68.8,29.6,64.5,60.0,48.1,NGC5987,.S..3..,71.6,165.0,Sb,Sb,0.01004,0.0296,SP,?,False,False,3207,"3166, 3308",319pm4,1.11E14 pm 2.43E12,39.8pm 3.1,done,center is 3237 : VIRIAL AND CUSTOM INCLUDE MISMATCH
MRK290,4654.0,x,0,"('233.96792', '57.9025')","('x', 'x')",-99,-99,-99,-99,x,x,x,x,x,,x,x,x,x,x,x,x,x,x,x,x,x,0.0296,SP,False,False,False,4654,"4630, 4694",45pm14,933E12 pm 3.07E12,22.6pm 4.1,done,"only in HRS data, very faint, center is 4662 : NO GALAXIES"
SBS1537+577,754,UGC05470,x,"('234.54167', '57.60361')","(152.11708, 12.30639)",0.0,0.0,10.771825341804764,0.3535533905932738,319.240171788777,x,534.3,219.70000000000005,0.242,x,0.5,0.4,40.5,80.0,57.6,LeoI,dE.3...,40.7,80.0,E;dSph,E;dSph,0.000951,0.0734,SP,?,True,True,754,"687, 809",146pm36,3.28E13 pm 9.49E12,44.9pm2.8,Lya,center is 748ONLY 1 GALAXY
SBS1537+577,3279,NGC5987,x,"('234.54167', '57.60361')","(234.98904, 58.07953)",0.10169102734394302,0.788751572818183,322.0594317999893,570.6668660435788,454.1827315456914,x,3170.0,109.0,48.9,x,68.8,29.6,64.5,60.0,86.7,NGC5987,.S..3..,71.6,165.0,Sb,Sb,0.01004,0.0734,SP,?,False,False,3279,"3174, 3380",358pm30,9.55E13 pm 1.07E13,64.4pm 2.7,Lya,center is 3277 : VIRIAL AND CUSTOM INCLUDE MISMATCH
SBS1537+577,3549,NGC5987,x,"('234.54167', '57.60361')","(234.98904, 58.07953)",0.0037732589554359533,0.02926673093471968,322.0594317999893,570.6668660435788,454.1827315456914,x,3170.0,379.0,48.9,x,68.8,29.6,64.5,60.0,86.7,NGC5987,.S..3..,71.6,165.0,Sb,Sb,0.01004,0.0734,SP,?,False,False,3549,"3456, 3670",447pm28,1.40E14 pm 1.38E13,53.2pm 3.6,Lya,center is 3563 : VIRIAL AND CUSTOM INCLUDE MISMATCH
SBS1537+577,4077,SDSSJ153802.75+573018.3,x,"('234.54167', '57.60361')","(234.5115, 57.50508)",0.007580498764322806,1.2461255222688483e-05,86.86757243034273,33.0564214639153,90.506007287528,x,3687.3,389.6999999999998,51.93368351,x,10.3,1.9,79.6,24.0,33.3,0,x,x,x,Sd(f),Sd(f),0.011759,0.0734,SP,?,False,False,4077,"4032, 4148",72pm25,1.47E13 pm 5.48E12,45.0pm 3.8,Lya,center is 4090 : VIRIAL AND CUSTOM INCLUDE MISMATCH
SBS1537+577,8466.0,x,0,"('234.54167', '57.60361')","('x', 'x')",-99,-99,-99,-99,x,x,x,x,x,,x,x,x,x,x,x,x,x,x,x,x,x,0.0734,SP,False,False,False,8466,"8413, 8501",48pm21,9.79E12 pm 4.38E12,31.1pm 7.9,Lya,center is 8457 : NO GALAXIES
SBS1537+577,9008.0,x,0,"('234.54167', '57.60361')","('x', 'x')",-99,-99,-99,-99,x,x,x,x,x,,x,x,x,x,x,x,x,x,x,x,x,x,0.0734,SP,False,False,False,9008,"8983, 9033",54pm14,1.23E13 pm 3.69E12,,no,"Not marked, but I see Lya here : NO GALAXIES"
SBS1537+577,9190.0,x,0,"('234.54167', '57.60361')","('x', 'x')",-99,-99,-99,-99,x,x,x,x,x,,x,x,x,x,x,x,x,x,x,x,x,x,0.0734,SP,False,False,False,9190,"9160, 9224",67pm16,1.47E13 pm 4.07E12,22.4pm 1.9,Lya,center is 9192 : NO GALAXIES
SBS1537+577,9824.0,x,0,"('234.54167', '57.60361')","('x', 'x')",-99,-99,-99,-99,x,x,x,x,x,,x,x,x,x,x,x,x,x,x,x,x,x,0.0734,SP,False,False,False,9824,"9795, 9845",40pm15,8.29E12 pm 3.39E12,18.6pm 2.9,Lya,center is 9820 : NO GALAXIES
3C66A,4303.0,x,0,"('35.665', '43.03556')","('x', 'x')",-99,-99,-99,-99,x,x,x,x,x,,x,x,x,x,x,x,x,x,x,x,x,x,0.444,SP,False,False,False,4303,"4282, 4324",24pm4,4.93E12 pm 9.03E11,15.6pm 2.1,d:X,"weak, labeled d:X?, center is 4303 : NO GALAXIES"
3C66A,5965,UGC01832,x,"('35.665', '43.03556')","(35.62966, 43.0653)",0.7219989125134734,0.717523103331808,191.95503981081367,185.27850657860992,55.88383776114292,x,5771.7,193.30000000000018,81.29213857,x,32.5,13.6,65.2,155.0,66.0,UGC1832,.S..1..,64.1,163.0,Sa,Sa,0.019724,0.444,SP,?,True,True,5965,"5940, 6026",53pm6,1.11E13 pm 1.27E12,26.3pm 2.6,d:Lya,"weak, blended with Mgll, center is 5983, near UGC01841; p"
3C66A,6076,UGC01841,x,"('35.665', '43.03556')","(35.79755, 42.99205)",0.7778073140536685,0.9390307740074492,280.1031918437632,421.3126250185247,162.74516939531065,x,6231.8,-155.80000000000018,87.77125098,x,56.2,76.6,42.8,x,x,UGC1841,.E.....,0.0,-99,E              LERG,E              LERG,0.021258,0.444,SP,?,True,False,6076,"6044, 6122",27pm6,5.20E12 pm 1.13E12,26.7pm 3.3,d:Lya,"weak, blended with Mgll, center is 6083, near UGC01841; p : VIRIAL AND CUSTOM INCLUDE MISMATCH"
3C66A,8180.0,x,0,"('35.665', '43.03556')","('x', 'x')",-99,-99,-99,-99,x,x,x,x,x,,x,x,x,x,x,x,x,x,x,x,x,x,0.444,SP,False,False,False,8180,"8138, 8258",118pm6,2.76E13 pm 1.53E12,30.3pm 2.9,d:Lya,"center is 8198, no galaxies within 1000 kpc : NO GALAXIES"
MRC2251-178,2275,MCG-03-58-014,x,"('343.52458', '-17.58194')","(344.36012, -17.88558)",4.082108677832484e-20,1.0591919161877804e-264,63.897713172478895,16.95570700383797,417.3445625118579,x,1993.2,281.79999999999995,28.07265578,x,6.6,3.7,55.9,105.0,35.9,0,x,x,x,Sa,Sa,0.007575,0.0661,SP,?,True,True,2275,"2205, 2345",88pm6,1.81E13 pm 1.37E12,44.6pm 2.6,"Lya, d:Lya","Lya labeled at 2258, d:Lya at 2283 _ I measure 2275ONLY 1 GALAXY"
MRC2251-178,3063,HIPASSJ2254-18,x,"('343.52458', '-17.58194')","(343.6474, -18.00054)",0.0008950139976529037,3.9132146727260404e-10,121.74843978037151,68.8595091472485,319.5117247606551,x,2990.5,72.5,42.12023615,x,16.8,10.1,53.1,40.0,24.4,ESO603-G27,.IBS9..,52.9,40.0,IB(s)m,IB(s)m,0.010898,0.0661,SP,?,False,False,3063,"3000, 3126",66pm5,1.31E13 pm 1.01E12,45.4pm 4.0,"Lya, d:Lya","Lya labeled at 3042, d:Lya at 3055 _ I measure 3063 : VIRIAL AND CUSTOM INCLUDE MISMATCH"
MRC2251-178,3222,HIPASSJ2254-18,x,"('343.52458', '-17.58194')","(343.6474, -18.00054)",0.00026731810613682275,1.1687785196244837e-10,121.74843978037151,68.8595091472485,319.5117247606551,x,2990.5,231.5,42.12023615,x,16.8,10.1,53.1,40.0,24.4,ESO603-G27,.IBS9..,52.9,40.0,IB(s)m,IB(s)m,0.010898,0.0661,SP,?,False,False,3222,"3124, 3320",326pm5,9.14E13 pm 1.73E12,51.4pm 2.0,"Lya, d:Lya","Lya labeled at 3203, d:Lya at 3218 _ I measure 3222 : VIRIAL AND CUSTOM INCLUDE MISMATCH"
MRC2251-178,4360.0,x,0,"('343.52458', '-17.58194')","('x', 'x')",-99,-99,-99,-99,x,x,x,x,x,29,x,x,x,x,x,x,x,x,x,x,x,x,0.0661,SP,False,False,False,4360,"4325, 4395",31pm4,6.13E12 pm 7.83E11,27.5pm 2.2,Lya,"Lya labeled at 4323, d:INSTR labeled at 4362.5 _ I measure 4360 : NO GALAXIES"
MRC2251-178,4705.0,x,0,"('343.52458', '-17.58194')","('x', 'x')",-99,-99,-99,-99,x,x,x,x,x,29,x,x,x,x,x,x,x,x,x,x,x,x,0.0661,SP,False,False,False,4705,"4670, 4740",38pm4,7.57E12 pm 9.48E11,25.6pm 2.1,d:Lya,d:Lya labeled at 4710 : NO GALAXIES
MRC2251-178,9031,MCG-03-58-009,x,"('343.52458', '-17.58194')","(343.42021, -17.47889)",0.053575041500818876,0.21117656831400966,319.1465428136347,559.5058882621345,320.0509932059814,x,8753.8,277.2000000000007,128.0,x,67.9,35.3,58.7,175.0,49.0,ESO603-G25,.S?....,48.6,27.0,Sc,Sc,0.030121,0.0661,SP,?,True,True,9031,"8981, 9081",31pm9,6.03E12 pm 1.83E12,33.4pm 2.2,"Lya, d:Lya","Lya labeled at 9051, d:Lya at 9040 _ I measure 9031ONLY 1 GALAXY"
MRC2251-178,9032,MCG-03-58-009,x,"('343.52458', '-17.58194')","(343.42021, -17.47889)",0.05283629268203026,0.2082646444773212,319.1465428136347,559.5058882621345,320.0509932059814,x,8753.8,278.2000000000007,128.0,x,67.9,35.3,58.7,175.0,49.0,ESO603-G25,.S?....,48.6,27.0,Sc,Sc,0.030121,0.0661,SP,?,True,True,9032,"8979, 9085",48pm4,9.37E12 pm 7.32E11,36.7pm 2.0,"d:Lya, Lya","d:Lya labeled at 9040, Lya at 9051 - I measure 9032; pONLY 1 GALAXY"
MRC2251-178,9733.0,x,0,"('343.52458', '-17.58194')","('x', 'x')",-99,-99,-99,-99,x,x,x,x,x,x,x,x,x,x,x,x,x,x,x,x,x,x,0.0661,SP,False,False,False,9733,"9666, 9800",156pm10,3.66E13 pm 2.60E12,37.0pm 2.4,"Lya, d:Lya","Lya labeled at 9733, d:Lya at 9745 : NO GALAXIES"
SBS1503+570,706,NGC5907,x,"('226.23150', '56.82230')","(228.97404, 56.32877)",0.05947113991028792,0.4970606316887438,294.72108578615985,470.57956287964737,452.0909183533267,x,843.0,-137.0,16.3,x,60.5,6.6,83.7,x,83.2,NGC5907,.SAS5*/,83.7,155.0,SA(s)c: sp     HII:,SA(s)c: sp     HII:,0.002225,0.3589,SP,?,False,False,706,"656, 756",265pm20,8.91E13 pm 1.26E13,34.3pm 2.1,Lya,"Lya marked 705, I measure 706 ; ambiguous = other nearby large galaxies: NGC5866, KUG1513+566, NGC5879 : VIRIAL AND CUSTOM INCLUDE MISMATCH"
SBS1503+570,8915.0,x,0,"('226.2315', '56.8223')","('x', 'x')",-99,-99,-99,-99,x,x,x,x,x,,x,x,x,x,x,x,x,x,x,x,x,x,0.3589,SP,False,False,False,8915,"8790, 9040",582pm17,2.24E14 pm 1.34E13,70.3pm 2.7,Lya,"Lya marked 8920, I measure 8915; two galaxies with 500 < v < 800 km/s = SDSSJ150606.34+563934.6, SDSSJ150659.06+564203.2 : NO GALAXIES"
SDSSJ080838.80+051440.0,1434.0,x,0,"('122.16167', '5.24444')","('x', 'x')",-99,-99,-99,-99,x,x,x,x,x,,x,x,x,x,x,x,x,x,x,x,x,x,0.361,RT,False,False,False,1434,"1410, 1488",103pm25,2.37E13 pm 6.83E12,27.5pm 3.5,done,center is 1449 : NO GALAXIES
SDSSJ080838.80+051440.0,2460.0,x,0,"('122.16167', '5.24444')","('x', 'x')",-99,-99,-99,-99,x,x,x,x,x,,x,x,x,x,x,x,x,x,x,x,x,x,0.361,RT,False,False,False,2460,"2400, 2514",133pm23,3.03E13 pm 6.05E12,40.8pm 2.2,done,center is 2457 : NO GALAXIES
SDSSJ080838.80+051440.0,2582.0,x,0,"('122.16167', '5.24444')","('x', 'x')",-99,-99,-99,-99,x,x,x,x,x,,x,x,x,x,x,x,x,x,x,x,x,x,0.361,RT,False,False,False,2582,"2520, 2660",294pm21,9.38E13 pm 1.08E13,39.8pm 3.2,done,center is 2582 : NO GALAXIES
SDSSJ080838.80+051440.0,2818.0,x,0,"('122.16167', '5.24444')","('x', 'x')",-99,-99,-99,-99,x,x,x,x,x,,x,x,x,x,x,x,x,x,x,x,x,x,0.361,RT,False,False,False,2818,"2783, 2853",40pm19,8.19E12 pm 4.07E12,23.7pm 6.4,done,"Labeled at 2817, middle is 2818 : NO GALAXIES"
SDSSJ080838.80+051440.0,4158.0,x,0,"('122.16167', '5.24444')","('x', 'x')",-99,-99,-99,-99,x,x,x,x,x,,x,x,x,x,x,x,x,x,x,x,x,x,0.361,RT,False,False,False,4158,"4080, 4236",189pm23,4.30E13 pm 6.24E12,56.5pm 2.8,no,"Not labeled, looks like Lya to me : NO GALAXIES"
SDSSJ080838.80+051440.0,4337.0,x,0,"('122.16167', '5.24444')","('x', 'x')",-99,-99,-99,-99,x,x,x,x,x,,x,x,x,x,x,x,x,x,x,x,x,x,0.361,RT,False,False,False,4337,"4272, 4386",187pm20,4.69E13 pm 6.39E12,39.2pm 1.6,done,center is 4329 : NO GALAXIES
SDSSJ080838.80+051440.0,4834.0,x,0,"('122.16167', '5.24444')","('x', 'x')",-99,-99,-99,-99,x,x,x,x,x,,x,x,x,x,x,x,x,x,x,x,x,x,0.361,RT,False,False,False,4834,"4769, 4895",158pm22,3.73E13 pm 6.01E12,41.7pm 3.9,done,center is 4832 : NO GALAXIES
SDSSJ080838.80+051440.0,8726,UGC04239,x,"('122.16167', '5.24444')","(121.99208, 5.20667)",0.07883493817999812,0.4366105664009421,278.7260738002193,416.82263854066275,378.3226481236468,x,8893.1,-167.10000000000036,125.2551175,x,55.8,40.2,43.9,115.0,12.4,0,x,x,x,S,S,0.02923,0.361,RT,?,False,False,8726,"8560, 8876",883pm24,3.38E14 pm 2.10E13,92.6pm 2.1,done,center is 8718 : VIRIAL AND CUSTOM INCLUDE MISMATCH
SDSSJ080838.80+051440.0,8913,UGC04239,x,"('122.16167', '5.24444')","(121.99208, 5.20667)",0.15688550574240934,0.8688770626786737,278.7260738002193,416.82263854066275,378.3226481236468,x,8893.1,19.899999999999636,125.2551175,x,55.8,40.2,43.9,115.0,12.4,0,x,x,x,S,S,0.02923,0.361,RT,?,False,False,8913,"8870, 8974",130pm19,3.37E13 pm 5.54E12,25.6pm 4.4,done,center is 8922 : VIRIAL AND CUSTOM INCLUDE MISMATCH
SDSSJ080838.80+051440.0,9746,2MASXJ08083956+0517256,x,"('122.16167', '5.24444')","(122.16482, 5.29055)",0.010902241334999343,0.00039822224274565056,106.29591375318148,51.264724713978524,106.46382879095569,x,9371.0,375.0,131.9857487,x,13.8,12.4,25.8,75.0,78.9,0,x,x,x,x,x,0.03082,0.361,RT,?,True,False,9746,"9706, 9770",50pm15,1.04E13 pm 3.48E12,20.7pm 2.3,done,center is 9738 : VIRIAL AND CUSTOM INCLUDE MISMATCH
SDSSJ080838.80+051440.0,10181.0,x,0,"('122.16167', '5.24444')","('x', 'x')",-99,-99,-99,-99,x,x,x,x,x,,x,x,x,x,x,x,x,x,x,x,x,x,0.361,RT,False,False,False,10181,"10048, 10344",780pm24,3.02E14 pm 1.97E13,80.6pm 2.2,done,center is 10196 : NO GALAXIES
2dFGRS_S393Z082,1242,NGC1097,x,"('41.25333', '-30.12306')","(41.57937, -30.27489)",0.5485428754947145,0.5997269541244982,273.1866721110562,399.0239190825533,111.94522310765399,x,1029.8,212.20000000000005,20.038,x,54.2,36.7,47.4,x,68.3,NGC1097,.SBS3..,47.5,130.0,(R'_1:)SB(r'l)bSy1,(R'_1:)SB(r'l)bSy1,0.00424,0.34,NP,?,False,False,1242,"1145, 1339",570pm21,2.16E14 pm 2.11E13,62.9pm 1.8,done,"very likely Lya here, but not fully identified yet, original name = TGS393Z082 : VIRIAL AND CUSTOM INCLUDE MISMATCH"
2dFGRS_S393Z082,2997.0,x,0,"('41.25333', '-30.12306')","('x', 'x')",-99,-99,-99,-99,x,x,x,x,x,,x,x,x,x,x,x,x,x,x,x,x,x,0.34,NP,False,False,False,2997,"2970, 3028",52pm13,1.13E13 pm 3.22E12,20.7pm 2.6,done,center is 2999 : NO GALAXIES
2dFGRS_S393Z082,4037.0,x,0,"('41.25333', '-30.12306')","('x', 'x')",-99,-99,-99,-99,x,x,x,x,x,,x,x,x,x,x,x,x,x,x,x,x,x,0.34,NP,False,False,False,4037,"4003, 4055",36pm13,7.41E12 pm 2.81E12,18.7pm 2.7,done,center is 4029 : NO GALAXIES
PG1211+143,2116,NGC4189,x,"('183.57375', '14.05361')","(183.44696, 13.42481)",0.005278732708982855,0.0025958771629366125,180.80449454089424,162.67634124235767,314.02326242948857,x,2414.5,-298.5,28.08,x,29.8,17.3,54.5,95.0,73.9,NGC4189,.SXT6$.,43.6,85.0,SAB(rs)cd?     HII,SAB(rs)cd?     HII,0.007055,0.0804,SP,?,False,False,2116,"2067, 2165",95pm7,2.04E13 pm 1.81E12,34.6pm 1.7,Lya,"STIS only, center looks possibly <2116 to me; p : VIRIAL AND CUSTOM INCLUDE MISMATCH"
PG1211+143,4920.0,x,0,"('183.57375', '14.05361')","('x', 'x')",-99,-99,-99,-99,x,x,x,x,x,,x,x,x,x,x,x,x,x,x,x,x,x,0.0804,SP,False,False,False,4920,"4870, 4970",157pm7,3.81E13 pm 2.01E12,33.8pm 2.5,Lya,"Lya labeled at 4933 _ I measure 4920, blended with Lya:5033 : NO GALAXIES"
PG1211+143,5033.0,x,0,"('183.57375', '14.05361')","('x', 'x')",-99,-99,-99,-99,x,x,x,x,x,,x,x,x,x,x,x,x,x,x,x,x,x,0.0804,SP,False,False,False,5033,"4965, 5101",240pm7,6.18E13 pm 2.47E12,44.4pm 2.6,Lya,"Lya labeled at 5011 _ I measure 5033, blended with Lya:4920 : NO GALAXIES"
PG1211+143,6606,SDSSJ121430.17+141512.6,x,"('183.57375', '14.05361')","(183.62574, 14.25351)",8.533798639331469e-06,1.9280039614511292e-15,116.70068090480368,62.80375784935166,351.173460570899,x,6929.5,-323.5,97.59845259,x,15.8,3.8,76.1,40.0,54.2,0,x,x,x,x,x,0.022114,0.0804,SP,?,False,False,6606,"6555, 6657",89pm6,1.97E13 pm 1.54E12,29.3pm 2.9,Lya, : VIRIAL AND CUSTOM INCLUDE MISMATCH
PG1211+143,7000,SDSSJ121430.17+141512.6,x,"('183.57375', '14.05361')","(183.62574, 14.25351)",0.00010313972160021037,2.3301908122330648e-14,116.70068090480368,62.80375784935166,351.173460570899,x,6929.5,70.5,97.59845259,x,15.8,3.8,76.1,40.0,54.2,0,x,x,x,x,x,0.022114,0.0804,SP,?,True,True,7000,"6945, 7055",125pm6,2.88E13 pm 1.64E12,32.2pm 2.7,Lya,Lya labeled at 6989 _ I measure 7000ONLY 1 GALAXY
PG1211+143,7735,SDSSJ121352.97+141312.4,x,"('183.57375', '14.05361')","(183.47074, 14.22013)",9.158433905652213e-08,9.484528214455615e-44,91.46877343064499,36.981495372686055,368.0524240258135,x,7710.5,24.5,108.5978983,x,11.1,7.2,49.5,20.0,11.0,0,x,x,x,x,x,0.024722,0.0804,SP,?,True,True,7735,"7626, 7844",158pm10,3.31E13 pm 2.16E12,65.6pm 3.7,Lya,ONLY 1 GALAXY
TON488,1250,UGC05478,x,"('152.50292', '30.05583')","(152.38167, 30.15171)",0.043604993002610934,0.002950516566262314,92.03657223404926,37.48236918872658,58.03988155783751,x,1620.3,-370.29999999999995,23.4,x,11.2,11.0,11.5,x,x,UGC5478,.I..9..,12.2,-99,Im,Im,0.004597,0.2564,SP,?,False,False,1250,"1237, 1297",68pm9,1.48E13 pm 2.20E12,24.0pm 2.0,d:Lya,"d:Lya only, center is 1267. UGC05478 is much closer, but >400 km/s away. The ramp up of EW of subsequent lines getting closer to this velocity is interesting though... : VIRIAL AND CUSTOM INCLUDE MISMATCH"
TON488,1375,UGC05478,x,"('152.50292', '30.05583')","(152.38167, 30.15171)",0.2985452946543488,0.02020096271095782,92.03657223404926,37.48236918872658,58.03988155783751,x,1620.3,-245.29999999999995,23.4,x,11.2,11.0,11.5,x,x,UGC5478,.I..9..,12.2,-99,Im,Im,0.004597,0.2564,SP,?,False,False,1375,"1284, 1480",452pm12,1.75E14 pm 9.83E12,51.2pm 2.4,done,center is 1382 : VIRIAL AND CUSTOM INCLUDE MISMATCH
TON488,4101.0,x,0,"('152.50292', '30.05583')","('x', 'x')",-99,-99,-99,-99,x,x,x,x,x,,x,x,x,x,x,x,x,x,x,x,x,x,0.2564,SP,False,False,False,4101,"4050, 4152",55pm10,1.10E13 pm 2.07E12,43.7pm 2.7,d:Lya,d:Lya marked at 4101 is extremely weak/questionable : NO GALAXIES
TON488,4786.0,x,0,"('152.50292', '30.05583')","('x', 'x')",-99,-99,-99,-99,x,x,x,x,x,,x,x,x,x,x,x,x,x,x,x,x,x,0.2564,SP,False,False,False,4786,"4746, 4836",44pm9,8.77E12 pm 1.82E12,31.1pm 3.1,done,center is 4791 : NO GALAXIES
TON488,5737.0,x,0,"('152.50292', '30.05583')","('x', 'x')",-99,-99,-99,-99,x,x,x,x,x,,x,x,x,x,x,x,x,x,x,x,x,x,0.2564,SP,False,False,False,5737,"5702, 5758",34pm7,6.89E12 pm 1.45E12,16.0pm 3.5,done,center is 5730 : NO GALAXIES
SDSSJ135341.03+361948.0,6172.0,x,0,"('208.42083', '36.33')","('x', 'x')",-99,-99,-99,-99,x,x,x,x,x,,x,x,x,x,x,x,x,x,x,x,x,x,0.147,PL,False,False,False,6172,"6074, 6254",274pm10,7.25E13 pm 3.28E12,50.2pm 2.3,done,center is 6164 : NO GALAXIES
SDSSJ135341.03+361948.0,6419.0,x,0,"('208.42083', '36.33')","('x', 'x')",-99,-99,-99,-99,x,x,x,x,x,,x,x,x,x,x,x,x,x,x,x,x,x,0.147,PL,False,False,False,6419,"6388, 6450",48pm7,9.82E12 pm 1.51E12,23.6pm 2.6,no,"not marked, but looks like a small Lya line here : NO GALAXIES"
SDSSJ135341.03+361948.0,6525.0,x,0,"('208.42083', '36.33')","('x', 'x')",-99,-99,-99,-99,x,x,x,x,x,,x,x,x,x,x,x,x,x,x,x,x,x,0.147,PL,False,False,False,6525,"6450, 6600",445pm6,2.05E14 pm 9.53E12,44.8pm 2.0,done,center is 6527 : NO GALAXIES
SDSSJ135341.03+361948.0,6642.0,x,0,"('208.42083', '36.33')","('x', 'x')",-99,-99,-99,-99,x,x,x,x,x,,x,x,x,x,x,x,x,x,x,x,x,x,0.147,PL,False,False,False,6642,"6600, 6720",233pm8,7.37E13 pm 3.53E12,32.2pm 3.3,done,center is 6661 : NO GALAXIES
MRK1014,5658,KUG0156-001,x,"('29.95917', '0.39472')","(29.79728, 0.10978)",3.166208330555164e-05,1.7287825903733398e-10,141.07943155776937,94.86259536824828,446.1410499063999,x,5538.0,120.0,78.0001575,x,20.8,16.8,35.9,18.0,47.6,0,x,x,x,Compact,Compact,0.01937,0.163,SP,?,True,True,5658,"5610, 5706",43pm10,8.69E12 pm 2.05E12,33.2pm 2.4,d:Lya,"d:Lya labeled at 5694 _ I measure 5658, weakONLY 1 GALAXY"
MRK1014,7088,NGC0768,x,"('29.95917', '0.39472')","(29.67056, 0.52922)",0.0015054854479987353,0.007625008801529185,253.38390549364698,338.80858312622485,486.1589791921323,x,6752.3,335.6999999999998,87.483,x,48.6,14.5,72.6,x,35.0,NGC768,.SBR4*.,61.4,30.0,SB(r)bc:,SB(r)bc:,0.023419,0.163,SP,?,False,False,7088,"7031, 7145",95pm10,2.00E13 pm 2.24E12,40.9pm 2.1,d:Lya,"d:Lya labeled at 7080 - I measure 7088, IC1761 companion; p : VIRIAL AND CUSTOM INCLUDE MISMATCH"
MRK1014,7563,SDSSJ020017.78+003715.5,x,"('29.95917', '0.39472')","(30.07412, 0.62098)",1.9312526815979874e-07,1.3854425749350187e-21,121.74843978037151,68.8595091472485,476.5102477833274,x,7638.2,-75.19999999999982,107.5800139,x,16.8,6.6,67.0,148.0,5.1,0,x,x,x,x,x,0.026371,0.163,SP,?,True,True,7563,"7474, 7652",401pm10,1.52E14 pm 6.47E12,45.1pm 2.0,d:Lya,"strong, but far away from galaxy; pONLY 1 GALAXY"
MRK1014,8427.0,x,0,"('29.95917', '0.39472')","('x', 'x')",-99,-99,-99,-99,x,x,x,x,x,,x,x,x,x,x,x,x,x,x,x,x,x,0.163,SP,False,False,False,8427,"8362, 8492",154pm11,3.58E13 pm 3.03E12,38.4pm 2.7,d:Lya,d:Lya labeled at 8421 _ I measure 8427 : NO GALAXIES
RX_J1503.2+6810,7188.0,x,0,"('225.81875', '68.16833')","('x', 'x')",-99,-99,-99,-99,x,x,x,x,x,,x,x,x,x,x,x,x,x,x,x,x,x,0.114,SP,False,False,False,7188,"7118, 7258",175pm16,4.11E13 pm 4.49E12,43.1pm 3.0,Lya,"Lya marked at 7204, I measure 7188 : NO GALAXIES"
RX_J1503.2+6810,8232.0,x,0,"('225.81875', '68.16833')","('x', 'x')",-99,-99,-99,-99,x,x,x,x,x,,x,x,x,x,x,x,x,x,x,x,x,x,0.114,SP,False,False,False,8232,"8208, 8256",29pm10,6.20E12 pm 2.21E12,13.3pm 4.1,no,"Not marked, but possibly weak Lya : NO GALAXIES"
RX_J1503.2+6810,8860.0,x,0,"('225.81875', '68.16833')","('x', 'x')",-99,-99,-99,-99,x,x,x,x,x,,x,x,x,x,x,x,x,x,x,x,x,x,0.114,SP,False,False,False,8860,"8746, 8974",349pm20,9.38E13 pm 6.63E12,67.2pm 3.1,Lya,"Lya marked at 8845, I measure 8860 (possibly 2 blended components) : NO GALAXIES"
RX_J1503.2+6810,10125,CGCG318-012,x,"('225.81875', '68.16833')","(225.56167, 68.26181)",0.058772009830240605,0.24043933393796746,249.77490207506148,328.4055054349729,325.44946676254233,x,9911.8,213.20000000000073,139.60269,x,47.6,30.5,50.2,135.0,89.4,0,x,x,x,x,x,0.032573,0.114,SP,?,True,True,10125,"10080, 10170",44pm14,8.89E12 pm 2.98E12,29.4pm 5.1,no,"Not marked, possibly weak LyaONLY 1 GALAXY"
PG1302-102,1313,MCG-02-34-006,x,"('196.3875', '-10.55556')","(197.44792, -10.32)",4.086332181912875e-05,1.4036348651767966e-11,132.05615404244176,82.16610615089411,404.9237794188753,x,1480.7,-167.70000000000005,21.700001,x,18.9,15.8,33.6,x,x,0,x,x,x,SAB(s)d:       Sy2,SAB(s)d:       Sy2,0.004037,0.2784,SP,?,False,False,1313,"1242, 1384",318pm7,1.22E14 pm 4.22E12,34.8pm 2.3,"Lya, d:Lya","Lya labeled at 1313, d:Lya at 1314 : VIRIAL AND CUSTOM INCLUDE MISMATCH"
PG1302-102,3448,NGC4939,x,"('196.3875', '-10.55556')","(196.05996, -10.33961)",0.25312075609891527,0.7738210706926282,235.46816074061732,288.88311304055145,264.7658706083892,x,3381.8,66.19999999999982,39.118,x,43.7,30.1,46.4,5.0,51.2,NGC4939,.SAS4..,59.1,10.0,SA(s)bc        Sy2,SA(s)bc        Sy2,0.010374,0.2784,SP,?,True,True,3448,"3406, 3490",71pm5,1.51E13 pm 1.18E12,28.0pm 1.9,"d:Lya, OVI",marked both d:Lya at 3447 and OVI at 3448; pONLY 1 GALAXY
PG1302-102,5690.0,x,0,"('196.3875', '-10.55556')","('x', 'x')",-99,-99,-99,-99,x,x,x,x,x,,x,x,x,x,x,x,x,x,x,x,x,x,0.2784,SP,False,False,False,5690,"5635, 5745",42pm6,8.18E12 pm 1.21E12,36.8pm 3.0,"Lya, d:NV","Lya labeled at 5683, d:NV at 5694 _ I measure 5690 : NO GALAXIES"
PG1302-102,5856.0,x,0,"('196.3875', '-10.55556')","('x', 'x')",-99,-99,-99,-99,x,x,x,x,x,,x,x,x,x,x,x,x,x,x,x,x,x,0.2784,SP,False,False,False,5856,"5820, 5892",54pm5,1.12E13 pm 1.01E12,24.7pm 1.9,d:Lya,weak : NO GALAXIES
PG1302-102,5972.0,x,0,"('196.3875', '-10.55556')","('x', 'x')",-99,-99,-99,-99,x,x,x,x,x,,x,x,x,x,x,x,x,x,x,x,x,x,0.2784,SP,False,False,False,5972,"59,455,999",27pm4,5.38E12 pm 8.37E11,18.6pm 2.1,d:Lya,MgII labeled at 5981.5 : NO GALAXIES
PG1302-102,6092.0,x,0,"('196.3875', '-10.55556')","('x', 'x')",-99,-99,-99,-99,x,x,x,x,x,,x,x,x,x,x,x,x,x,x,x,x,x,0.2784,SP,False,False,False,6092,"6034, 6150",40pm6,7.81E12 pm 1.23E12,40.8pm 2.1,d:Lya,"MgII labeled at 6097.3, d:Lya labeled at 6098 _ I measure 6092 : NO GALAXIES"
PG1302-102,6597.0,x,0,"('196.3875', '-10.55556')","('x', 'x')",-99,-99,-99,-99,x,x,x,x,x,,x,x,x,x,x,x,x,x,x,x,x,x,0.2784,SP,False,False,False,6597,"6558, 6636",58pm5,1.20E13 pm 1.06E12,26.8pm 1.7,"Lya, d:Lya","Lya labeled at 6597, d:Lya at 6572, AGN-Ol labeled at 6559.6 : NO GALAXIES"
PG1302-102,7576,PKS1302-102:[CPC2008]1027,x,"('196.3875', '-10.55556')","(196.49167, -10.41389)",-99,-99,-99,-99,336.46269236381835,x,7829.3,-253.30000000000018,110.2720804,x,x,x,x,x,x,0,x,x,x,x,x,0.02521,0.2784,SP,?,True,True,7576,"7542, 7610",42pm5,8.49E12 pm 1.05E12,23.1pm 2.3,"Lya, d:Lya","Lya labeled at 7576, d:Lya at 7573ONLY 1 GALAXY"
PG1302-102,9856.0,x,0,"('196.3875', '-10.55556')","('x', 'x')",-99,-99,-99,-99,x,x,x,x,x,,x,x,x,x,x,x,x,x,x,x,x,x,0.2784,SP,False,False,False,9856,"9827, 9885",31pm4,6.23E12 pm 8.27E11,20.2pm 2.0,d:Lya,"d:Lya labeled at 9837, SiI labeled 9766 : NO GALAXIES"
SBS1108+560,705,UGC06225,x,"('167.88375', '55.79028')","(167.87904, 55.67411)",0.6853974756097573,0.6885754812285182,228.35558321611782,270.2492035140899,29.04206628159598,x,910.4,-205.39999999999998,14.32,x,41.8,9.2,77.3,83.0,84.3,NGC3556,.SBS6./,75.1,80.0,SB(s)cd        HII,SB(s)cd        HII,0.002332,0.765,DG,?,False,False,705,"525, 885",1105pm71,3.22E14 pm 4.49E13,133.2pm 2.1,d:Lya,"d:Lya marked at 732, I measure 705 (bit messy though) : VIRIAL AND CUSTOM INCLUDE MISMATCH"
SBS1108+560,956,UGC06225,x,"('167.88375', '55.79028')","(167.87904, 55.67411)",1.8682247480308232,1.8768872088037756,228.35558321611782,270.2492035140899,29.04206628159598,x,910.4,45.60000000000002,14.32,x,41.8,9.2,77.3,83.0,84.3,NGC3556,.SBS6./,75.1,80.0,SB(s)cd        HII,SB(s)cd        HII,0.002332,0.765,DG,?,False,False,956,"895, 1017",290pm45,8.01E13 pm 2.14E13,41.4pm 2.3,d:Lya,"d:Lya marked at 929, I measure 956 : VIRIAL AND CUSTOM INCLUDE MISMATCH"
SBS1108+560,5433.0,x,0,"('167.88375', '55.79028')","('x', 'x')",-99,-99,-99,-99,x,x,x,x,x,,x,x,x,x,x,x,x,x,x,x,x,x,0.765,DG,False,False,False,5433,"5404, 5462",118pm31,3.13E13 pm 1.18E13,21.3pm 3.3,d:Lya,"d:Lya marked at 5417, I measure 5433 : NO GALAXIES"
PG1216+069,1903,VCC0297,x,"('184.83708', '6.64389')","(184.66095, 6.70838)",0.0053040713550354035,3.9600270817172375e-06,90.32839292825197,35.98651136189781,105.27736696952735,x,2297.0,-394.0,32.35256296,x,10.9,3.5,71.3,160.0,89.8,0,x,x,x,Sc (on edge),Sc (on edge),0.006668,0.3313,SP,?,True,False,1903,"1461, 2345",2222pm20,1.14E15 pm 2.81E13,229.4pm 4.6,"d:Lya, Lya","DLA, bit far away, 1125, 1449, 2971, and 3040 Lya and AGN-Ly series markers over nothing, near NGC4260 & many other galaxies; p : VIRIAL AND CUSTOM INCLUDE MISMATCH"
PG1216+069,3797,SDSSJ121903.72+063342.9,x,"('184.83708', '6.64389')","(184.76552, 6.56194)",0.005562434413502289,1.753429393929531e-13,71.06873748016558,21.366632865287876,110.16386573667863,x,4131.0,-334.0,58.18263304,x,7.7,3.7,61.3,156.0,16.9,0,x,x,x,x,x,0.012787,0.3313,SP,?,True,True,3797,"3694, 3900",331pm10,9.10E13 pm 3.24E12,55.2pm 2.4,"Lya, d:Lya","Lya labeled at 3775, 3812, d:Lya labeled at 3797ONLY 1 GALAXY"
PG1216+069,5657.0,x,0,"('184.83708', '6.64389')","('x', 'x')",-99,-99,-99,-99,x,x,x,x,x,,x,x,x,x,x,x,x,x,x,x,x,x,0.3313,SP,False,False,False,5657,"5612, 5702",95pm6,2.06E13 pm 1.60E12,33.7pm 2.1,d:Lya,"Lya labeled at 5674 _ I measure 5657, blended with Clll : NO GALAXIES"
PG1216+069,7178.0,x,0,"('184.83708', '6.64389')","('x', 'x')",-99,-99,-99,-99,x,x,x,x,x,,x,x,x,x,x,x,x,x,x,x,x,x,0.3313,SP,False,False,False,7178,"7104, 7252",161pm8,3.75E13 pm 2.06E12,41.9pm 2.9,"Lya, d:Lya","Lya labeled at 7178, d:Lya at 7176 : NO GALAXIES"
IRAS_Z06229-6434,1279.0,x,0,"('95.78208', '-64.60528')","('x', 'x')",-99,-99,-99,-99,x,x,x,x,x,,x,x,x,x,x,x,x,x,x,x,x,x,0.1289,SP,False,False,False,1279,"1235, 1325",64pm7,1.31E13 pm 1.59E12,30.3pm 2.3,d:Lya,"center is 1280, only HIPASSJ0608-63 at 1554 km/s with b = 736 kpc : NO GALAXIES"
IRAS_Z06229-6434,1353.0,x,0,"('95.78208', '-64.60528')","('x', 'x')",-99,-99,-99,-99,x,x,x,x,x,,x,x,x,x,x,x,x,x,x,x,x,x,0.1289,SP,False,False,False,1353,"1330, 1376",18pm5,3.62E12 pm 1.02E12,13.3pm 2.7,no,Not marked : NO GALAXIES
IRAS_Z06229-6434,3689.0,x,0,"('95.78208', '-64.60528')","('x', 'x')",-99,-99,-99,-99,x,x,x,x,x,,x,x,x,x,x,x,x,x,x,x,x,x,0.1289,SP,False,False,False,3689,"3595, 3755",284pm6,8.98E13 pm 2.51E12,39.0pm 2.6,d:Lya,"center is 3675, no galaxies within 1000 km/s and 800 km/s : NO GALAXIES"
SDSSJ080908.13+461925.6,2294,UGC04260,x,"('122.28375', '46.32389')","(122.78651, 46.4654)",0.00019275024883643664,1.523476027832294e-35,75.46623912564232,24.345512933598258,217.66339805071163,x,2391.0,-97.0,33.299999,x,8.4,3.5,65.2,110.0,2.2,UGC4260,.I..9*.,24.2,-99,Im:,Im:,0.007519,0.6563,SP,?,False,False,2294,"2230, 2358",83pm14,1.72E13 pm 3.18E12,38.5pm 4.9,d:Lya,"d:Lya marked at 2281, I measure 2294 : VIRIAL AND CUSTOM INCLUDE MISMATCH"
SDSSJ080908.13+461925.6,3107.0,x,0,"('122.28375', '46.32389')","('x', 'x')",-99,-99,-99,-99,x,x,x,x,x,,x,x,x,x,x,x,x,x,x,x,x,x,0.6563,SP,False,False,False,3107,"3040, 3174",208pm12,5.56E13 pm 3.88E12,37.0pm 2.8,d:Lya,"d:Lya marked at 3122, I measure 3107. UGC04258 is at correct velocity, but b = 693 kpc : NO GALAXIES"
SDSSJ080908.13+461925.6,3223.0,x,0,"('122.28375', '46.32389')","('x', 'x')",-99,-99,-99,-99,x,x,x,x,x,,x,x,x,x,x,x,x,x,x,x,x,x,0.6563,SP,False,False,False,3223,"3174, 3272",71pm11,1.46E13 pm 2.54E12,37.1pm 2.2,d:Lya,"d:Lya marked at 3205, I measure 3223. UGC04258 is at correct velocity, but b = 693 kpc : NO GALAXIES"
SDSSJ080908.13+461925.6,5977.0,x,0,"('122.28375', '46.32389')","('x', 'x')",-99,-99,-99,-99,x,x,x,x,x,,x,x,x,x,x,x,x,x,x,x,x,x,0.6563,SP,False,False,False,5977,"5944, 6010",49pm9,1.02E13 pm 1.95E12,23.2pm 2.4,d:Lya,possibly blended with MgII : NO GALAXIES
SDSSJ080908.13+461925.6,6766.0,x,0,"('122.28375', '46.32389')","('x', 'x')",-99,-99,-99,-99,x,x,x,x,x,x,x,x,x,x,x,x,x,x,x,x,x,x,0.6563,SP,False,False,False,6766,"6668, 6864",543pm10,2.55E14 pm 1.41E13,55.9pm 1.8,d:Lya,"d:Lya labeled at 6774, I measure 6766. This galaxy is ~500km/s away, and MCG+08-15-040 has correct velocity but b = 734 : NO GALAXIES"
SDSSJ080908.13+461925.6,6913,SDSSJ080842.74+461828.9,x,"('122.28375', '46.32389')","(122.17811, 46.30809)",0.01618916044249067,4.041300409750539e-05,103.08512752743847,47.95798160890426,132.63063944112048,x,7227.2,-314.1999999999998,101.791107,x,13.2,10.6,36.9,74.0,28.2,0,x,x,x,x,x,0.023656,0.6563,SP,?,True,True,6913,"6864, 6062",151pm9,3.57E13 pm 2.76E12,38.6pm 1.9,d:Lya,"d:Lya labeled at 6900, I measure 6913ONLY 1 GALAXY"
SDSSJ080908.13+461925.6,7112,SDSSJ080842.74+461828.9,x,"('122.28375', '46.32389')","(122.17811, 46.30809)",0.1370857866514849,0.00034220727364685276,103.08512752743847,47.95798160890426,132.63063944112048,x,7227.2,-115.19999999999982,101.791107,x,13.2,10.6,36.9,74.0,28.2,0,x,x,x,x,x,0.023656,0.6563,SP,?,True,True,7112,"7044, 7180",160pm12,3.73E13 pm 3.08E12,42.0pm 3.5,d:Lya,"d:Lya labeled at 7117, I measure 7112ONLY 1 GALAXY"
TON1009,1951,NGC2770,x,"('137.27542', '32.60861')","(137.39045, 33.12353)",0.06590397773169274,0.07526559978966489,204.4092282765912,212.4100185961105,274.0148385284817,x,2143.1,-192.0999999999999,29.967,x,35.6,7.3,78.1,x,21.3,NGC2770,.SAS5*.,72.4,148.0,SA(s)c:,SA(s)c:,0.006494,0.809,RT,?,False,False,1951,"1854, 2048",350pm21,1.05E14 pm 8.11E12,55.0pm3.5,Lya,"Lya labeled at 1961 _ I measure 1951, looks blended : VIRIAL AND CUSTOM INCLUDE MISMATCH"
TON1009,3791,KUG0906+333ANED01,x,"('137.27542', '32.60861')","(137.33077, 33.12324)",2.509382613946134e-11,1.0595827001358111e-51,100.91945094405413,45.7946721791957,495.49753684521926,x,3900.9,-109.90000000000009,54.94195498,x,12.8,5.6,64.1,x,x,0,x,x,x,x,x,0.012359,0.809,RT,?,False,False,3791,"3750, 3832",132pm12,3.44E13 pm 3.81E12,26.3pm 2.5,Lya,Lya labeled at 3792 _ I measure 3792. Ambigous : VIRIAL AND CUSTOM INCLUDE MISMATCH
TON1009,4295,IC2439,x,"('137.27542', '32.60861')","(137.16024, 32.59295)",0.44683895684045777,0.2971208272433637,153.47471125127623,113.92047664928373,108.59929621561334,x,4494.8,-199.80000000000018,63.30638611,x,23.5,7.5,71.3,30.0,69.2,MCG6-20-32,.L?....,-99,-99,S0?,S0?,0.01434,0.809,RT,?,False,False,4295,"4200, 4390",343pm17,1.26E14 pm 1.06E13,42.1pm 3.5,Lya,"Lya labeled at 4285 _ I measure 4295, loose galaxy group : VIRIAL AND CUSTOM INCLUDE MISMATCH"
TON1009,7906.0,x,0,"('137.27542', '32.60861')","('x', 'x')",-99,-99,-99,-99,x,x,x,x,x,,x,x,x,x,x,x,x,x,x,x,x,x,0.809,RT,False,False,False,7906,"7862, 7950",65pm16,1.35E13 pm 3.58E12,30.2pm 5.2,Lya,"Lya labeled at 7944 _ I see two separate lines, at 7906 & 7995 : NO GALAXIES"
TON1009,7995.0,x,0,"('137.27542', '32.60861')","('x', 'x')",-99,-99,-99,-99,x,x,x,x,x,,x,x,x,x,x,x,x,x,x,x,x,x,0.809,RT,False,False,False,7995,"7957, 8033",67pm13,1.53E13 pm 3.29E12,26.2pm 3.1,Lya,"Lya labeled at 7944 _ I see two separate lines, at 7906 & 7995 : NO GALAXIES"
RX_J1330.8+3119,1732,SDSSJ133025.22+304141.9,x,"('202.72167', '31.32556')","(202.60509, 30.69498)",2.3857574526425494e-75,0.0,25.061655495164096,2.2165288177689004,325.6855514194537,x,2075.2,-343.1999999999998,29.22781275,x,1.7,0.8,62.6,105.0,66.0,0,x,x,x,Extended Src [SDSS],Extended Src [SDSS],0.006,0.241,DG,?,False,False,1732,"1654, 1810",153pm18,3.35E13 pm 4.54E12,53.7pm 2.3,f:Lya,"f:Lya labeled at 1740, I measure 1732 : VIRIAL AND CUSTOM INCLUDE MISMATCH"
RX_J1330.8+3119,2660,RCS05100405241,x,"('202.72167', '31.32556')","(202.1176, 30.6804)",-99,-99,-99,-99,483.11576003118745,x,2375.8,284.1999999999998,33.46156499,x,x,x,x,x,x,0,x,x,x,x,x,0.007,0.241,DG,?,True,True,2660,"2550, 2770",462pm17,1.71E14 pm 1.21E13,56.5pm 2.6,f:Lya,"f:Lya labeled at 2654, I measure 2660. This galaxy is tiny, far away, and has no info (phot redshifts also). ONLY 1 GALAXY"
RX_J1330.8+3119,2822.0,x,0,"('202.72167', '31.32556')","('x', 'x')",-99,-99,-99,-99,x,x,x,x,x,x,x,x,x,x,x,x,x,x,x,x,x,x,0.241,DG,False,False,False,2822,"2779, 2865",77pm13,1.63E13 pm 2.96E12,38.7pm 2.8,no,"Not marked, possibly weak Lya. This galaxy is tiny, far away, and has no info (phot redshifts also).  : NO GALAXIES"
RX_J1330.8+3119,4839,UGC08496NED02,x,"('202.72167', '31.32556')","(202.5724, 31.33278)",0.013850576019725414,8.297403661241594e-07,100.91945094405413,45.7946721791957,160.2412903467519,x,5104.2,-265.1999999999998,71.89071302,x,12.8,6.6,58.7,47.0,39.8,UGC8496,.S?....,59.1,-99,HII,HII,0.016108,0.241,DG,?,False,False,4839,"4735, 4943",404pm16,1.41E14 pm 9.65E12,50.7pm 2.9,f:Lya,"good. Several other, closer galaxies. Just a bit too ambiguous : VIRIAL AND CUSTOM INCLUDE MISMATCH"
RX_J1330.8+3119,7412,UGC08492,x,"('202.72167', '31.32556')","(202.52721, 31.38811)",0.009814684841023318,0.01184883583478129,204.01286914217295,211.5156613586805,335.4060644261584,x,7689.2,-277.1999999999998,108.2987054,x,35.5,34.1,16.2,70.0,0.6,UGC8492,.S?....,12.2,-99,S0,S0,0.02473,0.241,DG,?,True,False,7412,"7323, 7501",328pm15,1.08E14 pm 7.76E12,46.1pm 2.9,f:Lya,"f:Lya labeled at 7401, I measure 7412. Somewhat ambiguous, and totally face on (can't determine azimuth). UGC08498 is b = 580, and is huge : VIRIAL AND CUSTOM INCLUDE MISMATCH"
RX_J1330.8+3119,10180.0,x,0,"('202.72167', '31.32556')","('x', 'x')",-99,-99,-99,-99,x,x,x,x,x,,x,x,x,x,x,x,x,x,x,x,x,x,0.241,DG,False,False,False,10180,"10046, 10314",817pm13,4.14E14 pm 2.43E13,83.2pm 1.6,f:Lya,"f:Lya labeled at 10191, I measure 10180. I don't have galaxy information out this far : NO GALAXIES"
SDSSJ140428.30+335342.0,1521.0,x,0,"('211.11792', '33.895')","('x', 'x')",-99,-99,-99,-99,x,x,x,x,x,,x,x,x,x,x,x,x,x,x,x,x,x,0.549,RT,False,False,False,1521,"1470, 1582",162pm23,4.21E13 pm 7.11E12,30.2pm 3.5,working,center is 1526 : NO GALAXIES
SDSSJ140428.30+335342.0,1717.0,x,0,"('211.11792', '33.895')","('x', 'x')",-99,-99,-99,-99,x,x,x,x,x,,x,x,x,x,x,x,x,x,x,x,x,x,0.549,RT,False,False,False,1717,"1634, 1794",349pm24,1.21E14 pm 1.45E13,41.3pm 2.4,working,center is 1714 : NO GALAXIES
SDSSJ140428.30+335342.0,2827.0,x,0,"('211.11792', '33.895')","('x', 'x')",-99,-99,-99,-99,x,x,x,x,x,,x,x,x,x,x,x,x,x,x,x,x,x,0.549,RT,False,False,False,2827,"2800, 2856",45pm18,9.51E12 pm 4.13E12,22.3pm 5.3,working,center is 2828 : NO GALAXIES
SDSSJ140428.30+335342.0,4621.0,x,0,"('211.11792', '33.895')","('x', 'x')",-99,-99,-99,-99,x,x,x,x,x,,x,x,x,x,x,x,x,x,x,x,x,x,0.549,RT,False,False,False,4621,"4606, 4642",34pm15,7.44E12 pm 3.52E12,11.9pm 4.1,working,center is 4624 : NO GALAXIES
SDSSJ140428.30+335342.0,5769.0,x,0,"('211.11792', '33.895')","('x', 'x')",-99,-99,-99,-99,x,x,x,x,x,,x,x,x,x,x,x,x,x,x,x,x,x,0.549,RT,False,False,False,5769,"5712, 5834",314pm21,9.92E13 pm 1.22E13,38.1pm 2.2,working,center is 5773 : NO GALAXIES
SDSSJ140428.30+335342.0,7884,KUG1402+341,x,"('211.11792', '33.895')","(211.12182, 33.95337)",0.1663765581973679,0.1700420611277438,203.61616373963315,210.62256289391217,117.51538337188462,x,8177.5,-293.5,115.175796,x,35.4,12.7,68.9,120.0,56.8,0,x,x,x,Spiral,Spiral,0.026415,0.549,RT,?,True,False,7884,"7745, 8023",889pm28,2.82E14 pm 2.03E13,93.4pm 1.2,working,center is 7884. SDSSJ140425.82+335552.8 is probably a large satellite galaxy : VIRIAL AND CUSTOM INCLUDE MISMATCH
SDSSJ140428.30+335342.0,8477,SDSSJ140425.82+335552.8,x,"('211.11792', '33.895')","(211.10761, 33.93135)",0.18431592195669994,0.022166731232952024,109.46369894996593,54.644157967709596,75.27927347935336,x,8200.5,276.5,115.5005925,x,14.4,9.2,50.2,94.0,80.8,0,x,x,x,x,x,0.02649,0.549,RT,?,True,False,8477,"8458, 8498",33pm16,6.98E12 pm 3.66E12,14.1pm 3.3,working,center is 8478 : VIRIAL AND CUSTOM INCLUDE MISMATCH
RX_J0714.5+7408,1344,UGC03739,x,"('108.65083', '74.13639')","(109.13343, 75.74151)",1.1979101725564146e-29,0.0,58.44741601217563,13.968249711399062,475.11524099623136,x,1200.5,143.5,16.9081605,x,5.8,4.5,38.7,x,x,UGC3739,.I..9*.,39.1,-99,Im:,Im:,0.003736,0.371,SP,?,False,False,1344,"1322, 1374",24pm8,4.64E12 pm 1.66E12,18.7pm 2.7,done,"very weak, center is 1348 : VIRIAL AND CUSTOM INCLUDE MISMATCH"
RX_J0714.5+7408,2560,UGC03730NED02,x,"('108.65083', '74.13639')","(108.58467, 73.47342)",2.119825285613765e-07,1.2687200593030692e-19,123.2444344281417,70.71217009822284,458.0276724681738,x,2809.4,-249.4000000000001,39.56875494,x,17.1,10.9,50.2,5.0,6.6,UGC3730,.RING..,58.3,165.0,Ring,Ring,0.0091,0.371,SP,?,False,False,2560,"2522, 2588",28pm7,5.46E12 pm 1.45E12,23.8pm 3.5,done,"weak, center is 2555 : VIRIAL AND CUSTOM INCLUDE MISMATCH"
RX_J0714.5+7408,2654,UGC03730NED02,x,"('108.65083', '74.13639')","(108.58467, 73.47342)",5.488273212710018e-07,3.284743494266245e-19,123.2444344281417,70.71217009822284,458.0276724681738,x,2809.4,-155.4000000000001,39.56875494,x,17.1,10.9,50.2,5.0,6.6,UGC3730,.RING..,58.3,165.0,Ring,Ring,0.0091,0.371,SP,?,False,False,2654,"2596, 2714",106pm9,2.26E13 pm 2.12E12,40.0pm 2.0,done,center is 2655 : VIRIAL AND CUSTOM INCLUDE MISMATCH
RX_J0714.5+7408,4079,UGC03717,x,"('108.65083', '74.13639')","(108.31017, 73.84314)",0.06708312811961653,0.07256859925820008,201.62739754136908,206.17601460887732,270.6033265270257,x,4268.8,-189.80000000000018,50.35,x,34.9,16.8,61.3,115.0,47.4,UGC3717,.S..4..,68.7,103.0,Sbc,Sbc,0.01397,0.371,SP,?,True,True,4079,"4030, 4114",58pm7,1.18E13 pm 1.65E12,29.0pm 2.0,done,center is 4072ONLY 1 GALAXY
RX_J0714.5+7408,4259,UGC03717,x,"('108.65083', '74.13639')","(108.31017, 73.84314)",0.1647011415982615,0.178168959573566,201.62739754136908,206.17601460887732,270.6033265270257,x,4268.8,-9.800000000000182,50.35,x,34.9,16.8,61.3,115.0,47.4,UGC3717,.S..4..,68.7,103.0,Sbc,Sbc,0.01397,0.371,SP,?,True,True,4259,"4164, 4354",410pm9,1.70E14 pm 7.19E12,43.8pm 2.6,done,"very likely Lya, but not yet fully identifiedONLY 1 GALAXY"
RX_J0714.5+7408,5322.0,x,0,"('108.65083', '74.13639')","('x', 'x')",-99,-99,-99,-99,x,x,x,x,x,,x,x,x,x,x,x,x,x,x,x,x,x,0.371,SP,False,False,False,5322,"5294, 5380",39pm8,7.55E12 pm 1.57E12,37.0pm 1.9,done,"very weak, center is 5337 : NO GALAXIES"
RX_J0714.5+7408,9563.0,x,0,"('108.65083', '74.13639')","('x', 'x')",-99,-99,-99,-99,x,x,x,x,x,,x,x,x,x,x,x,x,x,x,x,x,x,0.371,SP,False,False,False,9563,"9562, 9592",14pm4,2.87E12 pm 8.92E11,9.9pm 4.1,done,"very weak, center is 9577 : NO GALAXIES"
PG1121+423,2364.0,x,0,"('171.16333', '42.02917')","('x', 'x')",-99,-99,-99,-99,x,x,x,x,x,,x,x,x,x,x,x,x,x,x,x,x,x,0.234,RT,False,False,False,2364,"2304, 2424",65pm10,1.29E13 pm 2.06E12,49.1pm 1.6,d:Lya,"d:Lya labeled at 2392, I measure 2364. Nothing with b<500kpc : NO GALAXIES"
PG1121+423,2604.0,x,0,"('171.16333', '42.02917')","('x', 'x')",-99,-99,-99,-99,x,x,x,x,x,,x,x,x,x,x,x,x,x,x,x,x,x,0.234,RT,False,False,False,2604,"2560, 2648",83pm8,1.79E13 pm 1.86E12,28.7pm 2.8,d:Lya,"d:Lya labeled at 2599, I measure 2604. Nothing with b<500 kpc : NO GALAXIES"
PG1121+423,2695.0,x,0,"('171.16333', '42.02917')","('x', 'x')",-99,-99,-99,-99,x,x,x,x,x,,x,x,x,x,x,x,x,x,x,x,x,x,0.234,RT,False,False,False,2695,"2650, 2740",50pm8,9.90E12 pm 1.73E12,32.1pm 2.6,d:Lya,"d:Lya labeled at 2700, I measure 2695. Nothing with b<500kpc : NO GALAXIES"
PG1121+423,2987.0,x,0,"('171.16333', '42.02917')","('x', 'x')",-99,-99,-99,-99,x,x,x,x,x,,x,x,x,x,x,x,x,x,x,x,x,x,0.234,RT,False,False,False,2987,"2937, 3037",64pm8,1.32E13 pm 1.85E12,29.8pm 2.7,d:Lya,"d:Lya labeled at 2998, I measure 2987. Nothing with b<500kpc : NO GALAXIES"
PG1121+423,3153.0,x,0,"('171.16333', '42.02917')","('x', 'x')",-99,-99,-99,-99,x,x,x,x,x,,x,x,x,x,x,x,x,x,x,x,x,x,0.234,RT,False,False,False,3153,"3098, 3208",50pm9,9.88E12 pm 1.89E12,35.4pm 2.3,d:Lya,"d:Lya labeled at 3156, I measure 3153. Nothing with b<500kpc : NO GALAXIES"
PG1121+423,4341.0,x,0,"('171.16333', '42.02917')","('x', 'x')",-99,-99,-99,-99,x,x,x,x,x,,x,x,x,x,x,x,x,x,x,x,x,x,0.234,RT,False,False,False,4341,"4286, 4396",95pm8,2.03E13 pm 1.92E12,34.8pm 2.9,d:Lya,"d:Lya labeled at 4357, I measure 4341. Nothing with b<500kpc : NO GALAXIES"
PG1121+423,7139.0,x,0,"('171.16333', '42.02917')","('x', 'x')",-99,-99,-99,-99,x,x,x,x,x,x,x,x,x,x,x,x,x,x,x,x,x,x,0.234,RT,False,False,False,7139,"7078, 7200",156pm7,3.64E13 pm 1.96E12, 37.7pm 2.2,d:Lya,"d:Lya labeled at 7144, I measure 7139 : NO GALAXIES"
PG1121+423,7235,SDSSJ112418.74+420323.1,x,"('171.16333', '42.02917')","(171.07809, 42.05642)",0.004514104368194065,2.035479082958278e-05,104.1603212979098,49.052053983497984,129.23116451364123,x,7628.0,-393.0,107.436169,x,13.4,5.8,64.5,133.0,66.3,0,x,x,x,x,x,0.024596,0.234,RT,?,True,True,7235,"7200, 7270",46pm6,9.17E12 pm 1.32E12,26.4pm 2.3,d:Lya,"d:Lya labeled at 7279, I measure 7235ONLY 1 GALAXY"
PG1121+423,7349,SDSSJ112418.74+420323.1,x,"('171.16333', '42.02917')","(171.07809, 42.05642)",0.03064307807299426,0.000138174351693137,104.1603212979098,49.052053983497984,129.23116451364123,x,7628.0,-279.0,107.436169,x,13.4,5.8,64.5,133.0,66.3,0,x,x,x,x,x,0.024596,0.234,RT,?,True,True,7349,"7267, 7431",359pm7,1.27E14 pm 4.05E12,41.9pm 2.1,d:Lya,"d:Lya labeled at 7348, I measure 7349ONLY 1 GALAXY"
PG1121+423,10120.0,x,0,"('171.16333', '42.02917')","('x', 'x')",-99,-99,-99,-99,x,x,x,x,x,,x,x,x,x,x,x,x,x,x,x,x,x,0.234,RT,False,False,False,10120,"10028, 10212",232pm7,5.41E13 pm 1.99E12,55.9pm 2.5,d:Lya,"d:Lya labeled at 10135, I measure 10120. I don't have galaxy information out this far : NO GALAXIES"
RBS2070,8966,2dFGRSS357Z063,x,"('359.7825', '-30.6275')","(359.90758, -30.65589)",0.06064506404252406,0.055992998089747184,193.5820878594231,188.70953606005182,239.1202734522396,x,8740.0,226.0,123.0992462,x,32.9,22.2,47.6,x,x,0,x,x,x,x,x,0.0301,0.165,NP,?,True,True,8966,"8832, 9110",777pm10,4.11E14 pm 1.91E13,76.8pm 1.8,yes,"center is 8971, 2dFGRSS357Z063 appears to be another name for the same galaxy"
3C351.0,3446,NGC6310,x,"('256.1725', '60.74194')","(256.98946, 60.99017)",0.013767677377336956,0.015302317858577594,200.0300187226492,202.64161714712012,406.34311892973307,x,3525.7,-79.69999999999982,49.65828781,x,34.5,8.3,76.1,70.0,51.9,NGC6310,.S..3*/,77.7,69.0,Sb: sp,Sb: sp,0.011405,0.3719,SP,?,True,False,3446,"3372, 3520",145pm15,3.19E13 pm 3.76E12,49.0pm 3.2,yes,"Lya labeled at 3481, I measure 3446. Lots of large galaxies around : VIRIAL AND CUSTOM INCLUDE MISMATCH"
3C351.0,3608,MRK0892,x,"('256.1725', '60.74194')","(256.56603, 60.7052)",0.031161356240828667,2.1882014121285772e-07,101.46281332368314,46.332375289855364,179.40139049820138,x,3725.0,-117.0,52.46477936,x,12.9,6.7,58.7,170.0,89.2,0,x,x,x,Pair,Pair,0.012064,0.3719,SP,?,True,False,3608,"3539, 3677",194pm13,4.93E13 pm 4.09E12,39.3pm 2.3,yes,"Lya labeled at 3614, I measure 3608. Too many large galaxies nearby : VIRIAL AND CUSTOM INCLUDE MISMATCH"
3C351.0,5192.0,x,0,"('256.1725', '60.74194')","('x', 'x')",-99,-99,-99,-99,x,x,x,x,x,,x,x,x,x,x,x,x,x,x,x,x,x,0.3719,SP,False,False,False,5192,"5118, 5266",206pm11,5.12E13 pm 3.33E12,44.5pm 2.7,yes,Lya labeled at 5192. SDSSJ170349.45+601806.1 at b=589kpc : NO GALAXIES
3C351.0,7160,SDSSJ170325.13+603944.4,x,"('256.1725', '60.74194')","(255.85472, 60.66234)",0.00032298529166203233,3.8197615126982684e-12,116.19053733842989,62.208464054339096,314.67738718038146,x,7327.7,-167.69999999999982,103.2071228,x,15.7,11.3,43.9,87.0,30.1,0,x,x,x,x,x,0.024078,0.3719,SP,?,True,True,7160,"7104, 7216",63pm11,1.29E13 pm 2.43E12,32.8pm 6.2,yes,"Lya labeled at 7192, I measure 7160ONLY 1 GALAXY"
HE1228+0131,1495,NGC4517,x,"('187.70833', '1.25583')","(188.18996, 0.11503)",0.2637737661027471,0.24627577369426262,193.17590350324986,187.84981235018572,211.0427507491546,x,1420.4,74.59999999999991,9.765,x,32.8,4.1,82.7,x,60.1,NGC4517,.SAS6*/,81.5,83.0,SA(s)cd: sp    HII,SA(s)cd: sp    HII,0.003764,0.117,SP,?,False,False,1495,"1440, 1550",144pm3,3.60E13 pm 7.74E11,29.0pm 3.5,"d:Lya,Lya","d:Lya & Lya labeled at 1988 - I measure 1495 center, near NGC4517, 3C273.0; p : VIRIAL AND CUSTOM INCLUDE MISMATCH"
HE1228+0131,1575,NGC4517,x,"('187.70833', '1.25583')","(188.18996, 0.11503)",0.16678270361216377,0.15571881911450916,193.17590350324986,187.84981235018572,211.0427507491546,x,1420.4,154.5999999999999,9.765,x,32.8,4.1,82.7,x,60.1,NGC4517,.SAS6*/,81.5,83.0,SA(s)cd: sp    HII,SA(s)cd: sp    HII,0.003764,0.117,SP,?,False,False,1575,"1550, 1600",20pm2,3.86E12 pm 4.10E11,19.7pm 1.7,d:Lya,"d:Lya labeled at 1556 - I measure 1575, weak near NGC4517A, 3C273.0; p : VIRIAL AND CUSTOM INCLUDE MISMATCH"
HE1228+0131,1707,NGC4517,x,"('187.70833', '1.25583')","(188.18996, 0.11503)",0.03888979158941918,0.036309954754037574,193.17590350324986,187.84981235018572,211.0427507491546,x,1420.4,286.5999999999999,9.765,x,32.8,4.1,82.7,x,60.1,NGC4517,.SAS6*/,81.5,83.0,SA(s)cd: sp    HII,SA(s)cd: sp    HII,0.003764,0.117,SP,?,False,False,1707,"1600, 1814",598pm3,3.10E14 pm 3.61E12,56.2pm 1.9,"d:Lya, Lya","d:Lya near to Lya:1854(1575), near NGC4517, 3C273.0; p : VIRIAL AND CUSTOM INCLUDE MISMATCH"
HE1228+0131,1860,NGC4536,x,"('187.70833', '1.25583')","(188.61271, 2.18814)",0.010474364888581372,0.010394412913185349,197.62313832387832,197.37836507581068,347.2467113272344,x,2102.6,-242.5999999999999,15.321,x,33.9,14.3,65.1,x,5.9,NGC4536,.SXT4..,64.7,130.0,SAB(rs)bc;HII  Sbrst,SAB(rs)bc;HII  Sbrst,0.006031,0.117,SP,?,True,True,1860,"1814, 1906",68pm3,1.39E13 pm 5.91E11,33.3pm 3.2,d:Lya,"d:Lya labeled at 1854 - I measure 1860, near to with Lya:1709, near both NGC4517A and NGC4536, 3C273.0; p"
HE1228+0131,2311,NGC4536,x,"('187.70833', '1.25583')","(188.61271, 2.18814)",0.015402592398361881,0.015285022722150652,197.62313832387832,197.37836507581068,347.2467113272344,x,2102.6,208.4000000000001,15.321,x,33.9,14.3,65.1,x,5.9,NGC4536,.SXT4..,64.7,130.0,SAB(rs)bc;HII  Sbrst,SAB(rs)bc;HII  Sbrst,0.006031,0.117,SP,?,False,False,2311,"2222, 2400",343pm3,1.27E14 pm 1.44E12,38.9pm 2.5,"d:Lya, Lya","near UGC07625 and IC3474, 3C273.0; p : VIRIAL AND CUSTOM INCLUDE MISMATCH"
HE1228+0131,5000.0,x,0,"('187.70833', '1.25583')","('x', 'x')",-99,-99,-99,-99,x,x,x,x,x,,x,x,x,x,x,x,x,x,x,x,x,x,0.117,SP,False,False,False,5000,"4942, 5058",20pm3,3.81E12 pm 5.19E11,41.4pm 2.7,d:Lya,"d:Lya labeled at 4991, I measure 5000, very weak : NO GALAXIES"
HE1228+0131,7560,SDSSJ123136.64+012054.2,x,"('187.70833', '1.25583')","(187.90271, 1.3484)",3.9625959352746405e-08,2.4222384869752353e-36,98.18259961733719,43.13776767520545,387.05251224915685,x,7314.8,245.19999999999982,103.0258123,x,12.3,7.6,51.7,83.0,32.5,0,x,x,x,x,x,0.023418,0.117,SP,?,True,False,7560,"7498, 7622",63pm3,1.28E13 pm 5.77E11,36.1pm 2.6,d:Lya,"d:Lya labeled at 7551, I measure 7560 : VIRIAL AND CUSTOM INCLUDE MISMATCH"
HE1228+0131,9239,2MASXJ12303439+0116243,x,"('187.70833', '1.25583')","(187.64345, 1.27345)",0.006316703891906335,0.0003469852006514138,126.70384711653799,75.0982822706352,158.83006949300253,x,9612.8,-373.7999999999993,135.3912178,x,17.8,15.7,28.3,45.0,29.8,0,x,x,x,x,x,0.031084,0.117,SP,?,True,True,9239,"9140, 9308",249pm3,6.04E13 pm 7.84E11,53.1pm 2.2,"Lya, d:Lya","Lya labeled at 9239, d:Lya at 9235 _ I measure 9224, far away, but the only galaxy in fieldONLY 1 GALAXY"
3C273.0,1013,NGC4457,x,"('187.27792', '2.05222')","(187.24588, 3.57058)",1.625381146624241e-08,4.189522184800725e-30,111.03220407372962,56.36065116728159,461.2090303562866,x,1178.0,-165.0,17.4,x,14.7,10.0,47.2,75.0,73.8,NGC4457,RSXS0..,31.7,-99,(R)SAB(s)0/a   LINER,(R)SAB(s)0/a   LINER,0.002942,0.1583,SP,?,False,False,1013,"910, 1116",376pm3,1.33E14 pm 1.07E12,44.5pm 2.3,Lya,"strong, I measure center at 1010, near NGC4536 - see Lya:1582; p : VIRIAL AND CUSTOM INCLUDE MISMATCH"
3C273.0,1582,NGC4517,x,"('187.27792', '2.05222')","(188.18996, 0.11503)",0.014682710995277312,0.011958750439768382,193.17590350324986,187.84981235018572,364.90414805709315,x,1420.4,161.5999999999999,9.765,x,32.8,4.1,82.7,x,57.8,NGC4517,.SAS6*/,81.5,83.0,SA(s)cd: sp    HII,SA(s)cd: sp    HII,0.003764,0.1583,SP,?,False,False,1582,"1482, 1720",375pm3,1.44E14 pm 1.09E12,44.3pm 2.7,Lya,"UGC07612 also nearby, double labels, center is 1601, originally yes - changed to no on 6/18/15; p : VIRIAL AND CUSTOM INCLUDE MISMATCH"
3C273.0,2156,NGC4536,x,"('187.27792', '2.05222')","(188.61271, 2.18814)",0.034644681261401376,0.034362844246575465,197.62313832387832,197.37836507581068,358.527920644852,x,2102.6,53.40000000000009,15.321,x,33.9,14.3,65.1,x,34.2,NGC4536,.SXT4..,64.7,130.0,SAB(rs)bc;HII  Sbrst,SAB(rs)bc;HII  Sbrst,0.006031,0.1583,SP,?,True,True,2156,"2088, 2248",57pm2,1.09E13 pm 5.00E11,61.1pm 2.7,"Lya, d:INSTR","weak, center is 2168, double labels; p"
3C273.0,2298,NGC4536,x,"('187.27792', '2.05222')","(188.61271, 2.18814)",0.014323538241333223,0.014207015210590845,197.62313832387832,197.37836507581068,358.527920644852,x,2102.6,195.4000000000001,15.321,x,33.9,14.3,65.1,x,34.2,NGC4536,.SXT4..,64.7,130.0,SAB(rs)bc;HII  Sbrst,SAB(rs)bc;HII  Sbrst,0.006031,0.1583,SP,?,True,True,2298,"2248, 2344",31pm2,5.99E12 pm 3.51E11,36.4pm 1.9,"Lya, d:INSTR","weak, center is 2296, double labels; p"
3C273.0,7862.0,x,0,"('187.27792', '2.05222')","('x', 'x')",-99,-99,-99,-99,x,x,x,x,x,,x,x,x,x,x,x,x,x,x,x,x,x,0.1583,SP,False,False,False,7862,"7810, 7912",42pm1,8.34E12 pm 3.04E11,30.9pm 2.9,"Lya, d:Lya",center is 7861 : NO GALAXIES
3C273.0,8832,SDSSJ122840.21+015426.8,x,"('187.27792', '2.05222')","(187.16757, 1.90745)",3.916039813231702e-20,3.668136892463591e-288,61.87924114867984,15.812874501494028,406.32505416180715,x,9082.5,-250.5,127.9219116,x,6.3,5.6,28.1,x,x,0,x,x,x,x,x,0.029314,0.1583,SP,?,True,True,8832,"8738, 8922",139pm2,2.96E13 pm 4.10E11,51.9pm 2.1,"Lya, d:Lya",center is 8830ONLY 1 GALAXY
3C273.0,9837,SDSSJ122830.42+020630.6,x,"('187.27792', '2.05222')","(187.12675, 2.1085)",7.223655736747766e-09,1.1132980653396049e-37,99.28140372874765,44.19417382415922,401.98894999680095,x,10143.7,-306.7000000000007,142.8684023,x,12.5,10.8,29.9,x,x,0,x,x,x,x,x,0.032853,0.1583,SP,?,True,True,9837,"9782, 9884",40pm2,7.77E12 pm 3.14E11,30.9pm 2.8,"Lya, d:Lya",center is 9833ONLY 1 GALAXY
PG1626+554,8253.0,x,0,"('246.98417', '55.37556')","('x', 'x')",-99,-99,-99,-99,x,x,x,x,x,,x,x,x,x,x,x,x,x,x,x,x,x,0.133,SP,False,False,False,8253,"8210, 8296",70pm5,1.47E13 pm 1.22E12,27.2pm 2.3,d:Lya,"d:Lya labeled at 8263 _ I measure 8253, no galaxy within 2000 kpc and 1000 km/s : NO GALAXIES"
PG1307+085,7286,CGCG072-007,x,"('197.44583', '8.32972')","(197.31227, 8.53172)",0.003738611416218727,0.002774727276820394,193.17590350324986,187.84981235018572,439.8537277816555,x,7413.2,-127.19999999999982,104.411924,x,32.8,21.0,50.2,10.0,23.2,0,x,x,x,x,x,0.023746,0.155,SP,?,False,False,7286,"7245, 7327",64pm7,1.35E13 pm 1.66E12,28.0pm 2.4,d:Lya,"d:Lya labeled at 7279 - I measure 7286, companion galaxy SDSSJ130918.61+083008.; p : VIRIAL AND CUSTOM INCLUDE MISMATCH"
PG1307+085,3579.0,x,0,"('197.44583', '8.32972')","('x', 'x')",-99,-99,-99,-99,x,x,x,x,x,,x,x,x,x,x,x,x,x,x,x,x,x,0.155,SP,False,False,False,3579,"3550, 3608",33pm6,6.68E12 pm 1.38E12,19.6pm 2.6,d:Lya,d:Lya labeled at 3570. No galaxy with b<500kpc : NO GALAXIES
PKS2005-489,4967.0,x,0,"('302.35583', '-48.83139')","('x', 'x')",-99,-99,-99,-99,x,x,x,x,x,,x,x,x,x,x,x,x,x,x,x,x,x,0.071,SP,False,False,False,4967,"4885, 5023",280pm6,8.15E13 pm 2.59E12,41.4pm 2.6,done,center is 4954. several galaxies with b>500 kpc : NO GALAXIES
PKS2005-489,5070.0,x,0,"('302.35583', '-48.83139')","('x', 'x')",-99,-99,-99,-99,x,x,x,x,x,,x,x,x,x,x,x,x,x,x,x,x,x,0.071,SP,False,False,False,5070,"5016, 5156",315pm6,1.18E14 pm 3.75E12,35.6pm 3.3,done,center is 5086. several galaxies with b>500 kpc : NO GALAXIES
CSO395,966,UGC07207,x,"('182.81083', '36.96083')","(183.07817, 37.01481)",0.04187884244478145,0.0019559026394200185,103.08512752743847,47.95798160890426,83.41986569538021,x,1324.4,-358.4000000000001,21.700001,x,13.2,6.5,60.7,x,x,0,x,x,x,IB(s)m V,IB(s)m V,0.003506,0.169,DG,?,True,False,966,"886, 984",194pm14,5.70E13 pm 5.91E12,30.6pm 6.6,"f:Lya, working",center is 935 : VIRIAL VS CUSTOM RESULT MISMATCH
CSO395,966,UGC07125,x,"('182.81083', '36.96083')","(182.17638, 36.80275)",0.003797729746700772,0.0026365118393460686,184.13984967445717,169.27083623589743,259.754881962586,x,1344.6,-378.5999999999999,28.0,x,30.6,4.9,80.8,85.0,22.3,UGC7125,.S..9..,80.9,85.0,Sdm,Sdm,0.003572,0.169,DG,?,False,True,966,"886, 984",194pm14,5.70E13 pm 5.91E12,30.6pm 6.6,"f:Lya, working",center is 935 : VIRIAL VS CUSTOM RESULT MISMATCH
CSO395,1025,UGC07125,x,"('182.81083', '36.96083')","(182.17638, 36.80275)",0.01063604232857093,0.007383898642978571,184.13984967445717,169.27083623589743,259.754881962586,x,1344.6,-319.5999999999999,28.0,x,30.6,4.9,80.8,85.0,22.3,UGC7125,.S..9..,80.9,85.0,Sdm,Sdm,0.003572,0.169,DG,?,False,True,1025,"974, 1120",343pm15,1.21E14 pm 9.85E12,41.6pm 4.1,"f:Lya, working",center is 1047 : VIRIAL AND CUSTOM INCLUDE MISMATCH
HS0624+6907,9187.0,x,0,"('97.51083', '69.08417')","('x', 'x')",-99,-99,-99,-99,x,x,x,x,x,,x,x,x,x,x,x,x,x,x,x,x,x,0.37,SP,False,False,False,9187,"9157, 9217",72pm8,1.71E13 pm 2.26E12,17.5pm 3.2,yes,"possibly one line, not marked though. Galaxy hase v = 9867km/s : NO GALAXIES"
HE0238-1904,1607,MCG-03-07-044,x,"('40.13583', '-18.86417')","(39.54871, -20.167)",2.0188172242439415e-18,7.043000493279564e-188,69.78985110024306,20.53959590644373,424.52501342623964,x,1220.1,386.9000000000001,17.18389701,x,7.5,4.5,53.1,x,58.1,ESO545-G40,.LAT0?.,53.9,35.0,SA(rs)0^0^?,SA(rs)0^0^?,0.004917,0.631,SP,?,True,True,1607,"1563, 1651",30pm6,5.83E12 pm 1.20E12,30.0pm 5.7,d:Lya,"d:Lya labeled at 1625, I measure 1607ONLY 1 GALAXY"
HE0238-1904,2153.0,x,0,"('40.13583', '-18.86417')","('x', 'x')",-99,-99,-99,-99,x,x,x,x,x,,x,x,x,x,x,x,x,x,x,x,x,x,0.631,SP,False,False,False,2153,"2102, 2204",31pm5,5.97E12 pm 1.03E12,35.9pm 2.4,d:Lya,"d:Lya labeled at 2177, I measure 2153. No galaxies nearby : NO GALAXIES"
HE0238-1904,2521.0,x,0,"('40.13583', '-18.86417')","('x', 'x')",-99,-99,-99,-99,x,x,x,x,x,,x,x,x,x,x,x,x,x,x,x,x,x,0.631,SP,False,False,False,2521,"2407, 2635",109pm8,2.16E13 pm 1.65E12,74.3pm 3.4,d:Lya,"d:Lya labeled at 2517, I measure 2521. No galaxies nearby : NO GALAXIES"
HE0238-1904,2957.0,x,0,"('40.13583', '-18.86417')","('x', 'x')",-99,-99,-99,-99,x,x,x,x,x,,x,x,x,x,x,x,x,x,x,x,x,x,0.631,SP,False,False,False,2957,"2862, 3052",65pm7,1.25E13 pm 1.37E12,66.6pm 3.3,d:Lya,"d:Lya labeled at 2961, I measure 2957. No galaxies nearby : NO GALAXIES"
HE0238-1904,4590.0,x,0,"('40.13583', '-18.86417')","('x', 'x')",-99,-99,-99,-99,x,x,x,x,x,,x,x,x,x,x,x,x,x,x,x,x,x,0.631,SP,False,False,False,4590,"4508, 4672",147pm5,3.20E13 pm 1.12E12,54.7pm 3.6,d:Lya,"d:Lya labeled at 4631, I measure 4590. No galaxies nearby : NO GALAXIES"
RBS1795,1795.0,x,0,"('328.7125', '-44.23472')","('x', 'x')",-99,-99,-99,-99,x,x,x,x,x,35,x,x,x,x,x,x,x,x,x,x,x,x,0.344,SP,False,False,False,1795,"1785, 1899",36pm7,6.98E12 pm 1.41E12,47.9pm 2.6,yes,"center is 1842, very weak : NO GALAXIES"
RBS1795,3590.0,x,0,"('328.7125', '-44.23472')","('x', 'x')",-99,-99,-99,-99,x,x,x,x,x,,x,x,x,x,x,x,x,x,x,x,x,x,0.344,SP,False,False,False,3590,"3560, 3620",29pm5,5.66E12 pm 9.65E11,24.5pm 1.3,"d:Lya, OVI","weak, I don't believe the OVI label, no galaxies within 2000kpc and 1000 km/s : NO GALAXIES"
RBS1795,7923.0,x,0,"('328.7125', '-44.23472')","('x', 'x')",-99,-99,-99,-99,x,x,x,x,x,,x,x,x,x,x,x,x,x,x,x,x,x,0.344,SP,False,False,False,7923,"7890, 7942",16pm4,3.13E12 pm 8.26E11,18.8pm 2.3,d:Lya,"center is 7916, extremely weak, group of large galaxies with 1000<b<2000kpc at this velocity : NO GALAXIES"
RBS1795,8103.0,x,0,"('328.7125', '-44.23472')","('x', 'x')",-99,-99,-99,-99,x,x,x,x,x,,x,x,x,x,x,x,x,x,x,x,x,x,0.344,SP,False,False,False,8103,"8057, 8155",61pm5,1.25E13 pm 1.17E12,31.0pm 2.6,"d:Lya,Lya","group of large galaxies with 1000<b<2000kpc at this velocity, center is 8106 : NO GALAXIES"
RBS1795,9038.0,x,0,"('328.7125', '-44.23472')","('x', 'x')",-99,-99,-99,-99,x,x,x,x,x,,x,x,x,x,x,x,x,x,x,x,x,x,0.344,SP,False,False,False,9038,"8992, 9080",96pm5,2.12E13 pm 1.19E12,27.7pm 1.8,"d:Lya, Lya","center is 9036, group of large galaxies with 1000<b<2000kpc at this velocity : NO GALAXIES"
RBS1795,9517.0,x,0,"('328.7125', '-44.23472')","('x', 'x')",-99,-99,-99,-99,x,x,x,x,x,,x,x,x,x,x,x,x,x,x,x,x,x,0.344,SP,False,False,False,9517,"9500, 9538",18pm3,3.55E12 pm 6.98E11,13.4pm 2.3,Lya,center is 9518 : NO GALAXIES
RBS1795,10154.0,x,0,"('328.7125', '-44.23472')","('x', 'x')",-99,-99,-99,-99,x,x,x,x,x,,x,x,x,x,x,x,x,x,x,x,x,x,0.344,SP,False,False,False,10154,"10105, 10203",57pm5,1.15E13 pm 1.15E12,33.5pm 2.1,"d:Lya, Lya", : NO GALAXIES
H1101-232,1188,NGC3511,x,"('165.90708', '-23.49194')","(165.84904, -23.08678)",0.7747678300662912,0.5461348758416663,152.5722621694062,112.46927135889163,98.42611520031068,x,1333.9,-145.9000000000001,13.8,x,23.3,8.0,69.8,x,68.5,NGC3511,.SAS5..,69.2,76.0,SAB(s)c;HII    Sy1,SAB(s)c;HII    Sy1,0.003699,0.186,SP,?,True,True,1188,"1056, 1298",633pm20,2.39E14 pm 1.65E13,69.4pm 2.1,d:Lya,"center is 1177, two large galaxies very nearby: NGC3511 and NGC3513"
H1101-232,3580,MCG-04-26-019,x,"('165.90708', '-23.49194')","(165.70883, -23.59161)",0.05802801756488236,0.03879603774111728,172.76942993194695,147.36905713208589,179.15351204587674,x,3846.2,-266.1999999999998,49.52,x,27.9,11.7,65.2,35.0,83.7,ESO502-G12,PSXT2..,59.1,30.0,(R:)SA:(s)ab   HII,(R:)SA:(s)ab   HII,0.012086,0.186,SP,?,False,False,3580,"3466, 3688",560pm11,2.60E14 pm 1.40E13,55.6pm 1.8,d:Lya,"strong, center is 3577, blended with H2:1, OVI?; p : VIRIAL AND CUSTOM INCLUDE MISMATCH"
H1101-232,5995.0,x,0,"('165.90708', '-23.49194')","('x', 'x')",-99,-99,-99,-99,x,x,x,x,x,,x,x,x,x,x,x,x,x,x,x,x,x,0.186,SP,False,False,False,5995,"5938, 6026",46pm9,9.22E12 pm 1.94E12,30.4pm 2.4,d:Lya,"center is 5982, blended with MgII : NO GALAXIES"
1H0717+714,2870,UGC03804,x,"('110.47208', '71.34333')","(110.64454, 71.59894)",0.18237451208162664,0.10646612710618278,172.76942993194695,147.36905713208589,207.14304965090673,x,2972.8,-102.80000000000018,45.4,x,27.9,16.7,53.1,5.0,17.2,UGC3804,.S..6*.,52.9,13.0,Scd:,Scd:,0.00963,0.5003,SP,?,True,True,2870,"2780, 2960",333pm5,9.05E13 pm 1.89E12,54.5pm 1.6,d:Lya,blended with 2956; pONLY 1 GALAXY
1H0717+714,2982,UGC03804,x,"('110.47208', '71.34333')","(110.64454, 71.59894)",0.23701947991263292,0.13836662693153803,172.76942993194695,147.36905713208589,207.14304965090673,x,2972.8,9.199999999999818,45.4,x,27.9,16.7,53.1,5.0,17.2,UGC3804,.S..6*.,52.9,13.0,Scd:,Scd:,0.00963,0.5003,SP,?,True,True,2982,"2942, 3022",51pm4,1.03E13 pm 9.27E11,27.6pm 3.3,d:Lya,"d:Lya labeled at 2956 - seems wrong, blended with 2870 - needs fitting; pONLY 1 GALAXY"
1H0717+714,3845.0,x,0,"('110.47208', '71.34333')","('x', 'x')",-99,-99,-99,-99,x,x,x,x,x,,x,x,x,x,x,x,x,x,x,x,x,x,0.5003,SP,False,False,False,3845,"3785, 3905",45.00pm5,8.76E12 pm 1.04E12,41.2pm 2.5,d:Lya,"d:Lya labeled at 3839 - seems wrong, weak; p : NO GALAXIES"
1H0717+714,5292.0,x,0,"('110.47208', '71.34333')","('x', 'x')",-99,-99,-99,-99,x,x,x,x,x,,x,x,x,x,x,x,x,x,x,x,x,x,0.5003,SP,False,False,False,5292,"5223, 5339",46pm5,8.88E12 pm 9.27E11,41.0pm 2.5,d:Lya,"center is 5281, no galaxy with b<2000kpc at this velocity : NO GALAXIES"
1H0717+714,6271.0,x,0,"('110.47208', '71.34333')","('x', 'x')",-99,-99,-99,-99,x,x,x,x,x,,x,x,x,x,x,x,x,x,x,x,x,x,0.5003,SP,False,False,False,6271,"6219, 6335",150pm4,3.51E13 pm 1.18E12,35.6pm 2.1,d:Lya,"center is 6277, no galaxy with b<2000kpc at this velocity : NO GALAXIES"
1H0717+714,7795.0,x,0,"('110.47208', '71.34333')","('x', 'x')",-99,-99,-99,-99,x,x,x,x,x,,x,x,x,x,x,x,x,x,x,x,x,x,0.5003,SP,False,False,False,7795,"7768, 7836",49pm3,1.00E13 pm 7.06E11,24.4pm 2.0,d:Lya,"center is 7802, no galaxy with b<2000kpc at this velocity : NO GALAXIES"
PG0003+158,833,NGC7814,x,"('1.49708', '16.16361')","(0.81204, 16.14542)",0.25215757037663683,0.14676272888821318,171.0564909768426,144.21121662339584,197.26891769932288,x,789.3,43.700000000000045,17.171,x,27.5,11.5,65.3,x,43.4,NGC7814,.SAS2*/,65.4,135.0,SA(s)ab: sp    LINER,SA(s)ab: sp    LINER,0.003502,0.4509,SP,?,False,False,833,"770, 896",194pm17,4.73E13 pm 5.13E12,45.7pm 2.2,d:Lya,"weak, crowded field; p : VIRIAL AND CUSTOM INCLUDE MISMATCH"
PG0003+158,1255.0,x,0,"('1.49708', '16.16361')","('x', 'x')",-99,-99,-99,-99,x,x,x,x,x,,x,x,x,x,x,x,x,x,x,x,x,x,0.4509,SP,False,False,False,1255,"1209, 1301",64pm9,1.34E13 pm 2.05E12,30.1pm 3.1,d:Lya,"d:Lya labeled at 1250 - I measure 1255, weak, NGC7814(;LINER) at 789km/s; p : NO GALAXIES"
PG0003+158,4761.0,x,0,"('1.49708', '16.16361')","('x', 'x')",-99,-99,-99,-99,x,x,x,x,x,,x,x,x,x,x,x,x,x,x,x,x,x,0.4509,SP,False,False,False,4761,"4730, 4792",30pm5,6.15E12 pm 1.07E12,19.2pm 2.7,d:Lya,d:Lya labeled at 4764 _ I measure 4761. No galaxies nearby : NO GALAXIES
SBS1122+594,1212,IC0691,x,"('171.47375', '59.17278')","(171.68465, 59.15543)",0.5182596027976809,0.0008075933660400166,65.88793137593471,18.124817240457904,45.288412639304354,x,1399.4,-187.4000000000001,23.700001,x,6.9,5.1,42.3,155.0,74.1,IC691,.I?....,48.6,150.0,I?;WR?         HII,I?;WR?         HII,0.003992,0.858,DG,?,False,False,1212,"1079, 1345",821pm13,4.11E14 pm 2.09E13,84.1pm 1.4,d:Lya,"d:Lya marked as two blended lines at 1149 and 1208; p. A bit ambiguous, worth looking at again : VIRIAL AND CUSTOM INCLUDE MISMATCH"
SBS1122+594,1597,IC0691,x,"('171.47375', '59.17278')","(171.68465, 59.15543)",0.469797279018442,0.0007320755155733357,65.88793137593471,18.124817240457904,45.288412639304354,x,1399.4,197.5999999999999,23.700001,x,6.9,5.1,42.3,155.0,74.1,IC691,.I?....,48.6,150.0,I?;WR?         HII,I?;WR?         HII,0.003992,0.858,DG,?,True,False,1597,"1560, 1634",132pm9,3.39E13 pm 2.98E12,24.6pm 3.1,d:Lya,"d:Lya labeled at 1580 - I measure 1597, blended with Lyg, crowded field; p : VIRIAL AND CUSTOM INCLUDE MISMATCH"
SBS1122+594,1796,NGC3642,x,"('171.47375', '59.17278')","(170.57455, 59.07451)",0.10182028994533146,0.012464943528406375,149.85037753949183,108.15305358611008,226.44844624328968,x,1789.9,6.099999999999909,27.5,x,22.7,22.5,8.1,75.0,27.0,NGC3642,.SAR4*.,33.7,105.0,SA(r)bc:;LINER Sy3,SA(r)bc:;LINER Sy3,0.005297,0.858,DG,?,True,False,1796,"1771, 1821",29pm8,5.92E12 pm 1.81E12,19.6pm 2.4,no,"very weak, d:Lyb:58253 marked at about 2340 - line seems too strong for this, crowded field; p : VIRIAL AND CUSTOM INCLUDE MISMATCH"
